{"name":"19377de4-5ad6-43bf-b7fa-0e636a45a202","id":"/providers/Microsoft.Flow/flows/19377de4-5ad6-43bf-b7fa-0e636a45a202","type":"Microsoft.Flow/flows","properties":{"apiId":"/providers/Microsoft.PowerApps/apis/shared_logicflows","displayName":"Create VMS card from JSON","definition":{"metadata":{"workflowEntityId":null,"creator":{"id":"86d5cfef-4fc1-4192-b666-87b29b2649a5","type":"User","tenantId":"7bd08b0b-3395-4dc1-94bb-d0b2e56a497f"},"provisioningMethod":"FromDefinition","failureAlertSubscription":true,"clientLastModifiedTime":"2020-04-09T21:21:12.012247Z"},"$schema":"https://schema.management.azure.com/providers/Microsoft.Logic/schemas/2016-06-01/workflowdefinition.json#","contentVersion":"1.0.0.0","parameters":{"$connections":{"defaultValue":{},"type":"Object"},"$authentication":{"defaultValue":{},"type":"SecureObject"}},"triggers":{"manual":{"type":"Request","kind":"Http","inputs":{"schema":{"type":"object","properties":{"title":{"type":"string"},"description":{"type":"string"},"due":{"type":"string"},"archived":{"type":"boolean"},"attachments":{"type":"array","items":{"type":"object","properties":{"filename":{"type":"string"},"url":{"type":"string"}},"required":["filename","url"]}},"required":["title","list"],"list":{"type":"string"}}}}}},"actions":{"Create_a_task":{"runAfter":{"If_a_new_bucket_is_needed":["Succeeded"]},"metadata":{"flowSystemMetadata":{"swaggerOperationId":"CreateTask_V3"}},"type":"ApiConnection","inputs":{"host":{"connection":{"name":"@parameters('$connections')['shared_planner']['connectionId']"},"api":{"runtimeUrl":"https://flow-apim-msmanaged-na-centralus-01.azure-apim.net/apim/planner"}},"method":"post","body":{"groupId":"43fd37b7-d02b-46a5-bc29-bb10181e2f72","planId":"QP3uZzXhj0ydINjBYULjcWUAEEao","title":"@triggerBody()?['title']","bucketId":"@variables('bucket_id')","dueDateTime":"@triggerBody()?['due']"},"headers":{"prefer":" return=representation"},"path":"/v2/v1.0/planner/tasks","authentication":"@parameters('$authentication')"}},"Update_task_details":{"runAfter":{"If_it_is_archived":["Succeeded"]},"metadata":{"flowSystemMetadata":{"swaggerOperationId":"UpdateTaskDetails_V2"}},"type":"ApiConnection","inputs":{"host":{"connection":{"name":"@parameters('$connections')['shared_planner']['connectionId']"},"api":{"runtimeUrl":"https://flow-apim-msmanaged-na-centralus-01.azure-apim.net/apim/planner"}},"method":"patch","body":{"description":"@triggerBody()?['description']","references":"@variables('attachments')"},"headers":{"prefer":" return=representation"},"path":"/v1.0/planner/tasks/@{encodeURIComponent(body('Create_a_task')?['id'])}/details","authentication":"@parameters('$authentication')"}},"Initialize_attachments_array":{"runAfter":{},"type":"InitializeVariable","inputs":{"variables":[{"name":"attachments","type":"array"}]}},"Initialize_attachment_object":{"runAfter":{"Initialize_attachments_array":["Succeeded"]},"type":"InitializeVariable","inputs":{"variables":[{"name":"attachment","type":"object"}]}},"If_there_are_attachments":{"actions":{"Apply_to_each_attachment":{"foreach":"@triggerBody()?['attachments']","actions":{"HTTP":{"runAfter":{},"type":"Http","inputs":{"method":"GET","uri":"@items('Apply_to_each_attachment')?['url']"}},"Create_file":{"runAfter":{"HTTP":["Succeeded"]},"metadata":{"flowSystemMetadata":{"swaggerOperationId":"CreateFile"}},"type":"ApiConnection","inputs":{"host":{"connection":{"name":"@parameters('$connections')['shared_sharepointonline']['connectionId']"},"api":{"runtimeUrl":"https://flow-apim-msmanaged-na-westus2-01.azure-apim.net/apim/sharepointonline"}},"method":"post","body":"@body('HTTP')","path":"/datasets/@{encodeURIComponent(encodeURIComponent('https://umass.sharepoint.com/sites/VMSSigns'))}/files","queries":{"folderPath":"@body('Create_new_folder')?['{FullPath}']","name":"@items('Apply_to_each_attachment')?['filename']","queryParametersSingleEncoded":true},"authentication":"@parameters('$authentication')"}},"Append_attachment_to_attachments":{"runAfter":{"Set_attachment":["Succeeded"]},"type":"AppendToArrayVariable","inputs":{"name":"attachments","value":"@variables('attachment')"}},"Set_attachment":{"runAfter":{"Get_file_properties":["Succeeded"]},"type":"SetVariable","inputs":{"name":"attachment","value":{"alias":"@items('Apply_to_each_attachment')?['filename']","resourceLink":"@body('Get_file_properties')?['{Link}']","type":"Other"}}},"Get_file_properties":{"runAfter":{"Create_file":["Succeeded"]},"metadata":{"flowSystemMetadata":{"swaggerOperationId":"GetFileItem"}},"type":"ApiConnection","inputs":{"host":{"connection":{"name":"@parameters('$connections')['shared_sharepointonline']['connectionId']"},"api":{"runtimeUrl":"https://flow-apim-msmanaged-na-westus2-01.azure-apim.net/apim/sharepointonline"}},"method":"get","path":"/datasets/@{encodeURIComponent(encodeURIComponent('https://umass.sharepoint.com/sites/VMSSigns'))}/tables/@{encodeURIComponent(encodeURIComponent('fe4dcc38-3ed9-4872-b8f4-1704e4fd2d1c'))}/items/@{encodeURIComponent(body('Create_file')?['ItemId'])}/getfileitem","authentication":"@parameters('$authentication')"}}},"runAfter":{"Create_new_folder":["Succeeded"]},"trackedProperties":{"filename":"","location":""},"type":"Foreach","runtimeConfiguration":{"concurrency":{"repetitions":1}}},"Apply_to_each_char":{"foreach":"@variables('unsafe_chars')","actions":{"Set_temp_board_name":{"runAfter":{},"type":"SetVariable","inputs":{"name":"temp_board_name","value":"@{replace(variables('safe_board_name'),item(),'')}"}},"Set_safe_board_name":{"runAfter":{"Set_temp_board_name":["Succeeded"]},"type":"SetVariable","inputs":{"name":"safe_board_name","value":"@variables('temp_board_name')"}}},"runAfter":{},"type":"Foreach","runtimeConfiguration":{"concurrency":{"repetitions":1}}},"Create_new_folder":{"runAfter":{"Apply_to_each_char":["Succeeded"]},"metadata":{"flowSystemMetadata":{"swaggerOperationId":"CreateNewFolder"}},"type":"ApiConnection","inputs":{"host":{"connection":{"name":"@parameters('$connections')['shared_sharepointonline']['connectionId']"},"api":{"runtimeUrl":"https://flow-apim-msmanaged-na-westus2-01.azure-apim.net/apim/sharepointonline"}},"method":"post","body":{"path":"@variables('safe_board_name')"},"path":"/datasets/@{encodeURIComponent(encodeURIComponent('https://umass.sharepoint.com/sites/VMSSigns'))}/tables/@{encodeURIComponent(encodeURIComponent('fe4dcc38-3ed9-4872-b8f4-1704e4fd2d1c'))}/createnewfolder","authentication":"@parameters('$authentication')"}}},"runAfter":{"Create_a_task":["Succeeded"]},"expression":{"greater":["@length(triggerBody()?['attachments'])",0]},"type":"If"},"Initialize_safe_board_name_string":{"runAfter":{"Initialize_attachment_object":["Succeeded"]},"type":"InitializeVariable","inputs":{"variables":[{"name":"safe_board_name","type":"string","value":"@{replace(triggerBody()?['title'], ' ', '-')}"}]}},"Initialize_unsafe_chars_array":{"runAfter":{"Initialize_temp_board_name_string":["Succeeded"]},"type":"InitializeVariable","inputs":{"variables":[{"name":"unsafe_chars","type":"array","value":"@createArray('\"','.','@','^','=','(',')','&','$','~','#','%','*',':','<','>','?','/','|')"}]}},"Initialize_temp_board_name_string":{"runAfter":{"Initialize_safe_board_name_string":["Succeeded"]},"type":"InitializeVariable","inputs":{"variables":[{"name":"temp_board_name","type":"string"}]}},"If_it_is_archived":{"actions":{"Update_a_task":{"runAfter":{},"metadata":{"flowSystemMetadata":{"swaggerOperationId":"UpdateTask_V2"}},"type":"ApiConnection","inputs":{"host":{"connection":{"name":"@parameters('$connections')['shared_planner']['connectionId']"},"api":{"runtimeUrl":"https://flow-apim-msmanaged-na-centralus-01.azure-apim.net/apim/planner"}},"method":"patch","body":{"percentComplete":"Completed"},"headers":{"prefer":" return=representation"},"path":"/v1.0/planner/tasks/@{encodeURIComponent(body('Create_a_task')?['id'])}","authentication":"@parameters('$authentication')"}}},"runAfter":{"If_there_are_attachments":["Succeeded"]},"expression":{"equals":["@triggerBody()?['archived']","@bool(true)"]},"type":"If"},"List_buckets":{"runAfter":{"Initialize_bucket_id_string":["Succeeded"]},"metadata":{"flowSystemMetadata":{"swaggerOperationId":"ListBuckets_V3"}},"type":"ApiConnection","inputs":{"host":{"connection":{"name":"@parameters('$connections')['shared_planner']['connectionId']"},"api":{"runtimeUrl":"https://flow-apim-msmanaged-na-centralus-01.azure-apim.net/apim/planner"}},"method":"get","path":"/v2/v1.0/planner/plans/@{encodeURIComponent('QP3uZzXhj0ydINjBYULjcWUAEEao')}/buckets","queries":{"groupId":"43fd37b7-d02b-46a5-bc29-bb10181e2f72"},"authentication":"@parameters('$authentication')"}},"Apply_to_each_bucket":{"foreach":"@body('List_buckets')?['value']","actions":{"If_a_list_already_exists":{"actions":{"Set_create_bucket":{"runAfter":{},"type":"SetVariable","inputs":{"name":"create_bucket","value":"@bool(false)"}},"Set_bucket_id":{"runAfter":{"Set_create_bucket":["Succeeded"]},"type":"SetVariable","inputs":{"name":"bucket_id","value":"@items('Apply_to_each_bucket')?['id']"}}},"runAfter":{},"expression":{"equals":["@items('Apply_to_each_bucket')?['name']","@triggerBody()?['list']"]},"type":"If"}},"runAfter":{"List_buckets":["Succeeded"]},"type":"Foreach","runtimeConfiguration":{"concurrency":{"repetitions":1}}},"Initialize_create_bucket_boolean":{"runAfter":{"Initialize_unsafe_chars_array":["Succeeded"]},"type":"InitializeVariable","inputs":{"variables":[{"name":"create_bucket","type":"boolean","value":"@bool(true)"}]}},"If_a_new_bucket_is_needed":{"actions":{"Create_a_bucket":{"runAfter":{},"metadata":{"flowSystemMetadata":{"swaggerOperationId":"CreateBucket_V2"}},"type":"ApiConnection","inputs":{"host":{"connection":{"name":"@parameters('$connections')['shared_planner']['connectionId']"},"api":{"runtimeUrl":"https://flow-apim-msmanaged-na-centralus-01.azure-apim.net/apim/planner"}},"method":"post","body":{"name":"@triggerBody()?['list']","groupId":"43fd37b7-d02b-46a5-bc29-bb10181e2f72","planId":"QP3uZzXhj0ydINjBYULjcWUAEEao"},"path":"/v2/v1.0/planner/buckets","authentication":"@parameters('$authentication')"}},"Set_new_bucket_id":{"runAfter":{"Create_a_bucket":["Succeeded"]},"type":"SetVariable","inputs":{"name":"bucket_id","value":"@body('Create_a_bucket')?['id']"}}},"runAfter":{"Apply_to_each_bucket":["Succeeded"]},"expression":{"equals":["@variables('create_bucket')","@bool(true)"]},"type":"If"},"Initialize_bucket_id_string":{"runAfter":{"Initialize_create_bucket_boolean":["Succeeded"]},"type":"InitializeVariable","inputs":{"variables":[{"name":"bucket_id","type":"string"}]}}}},"connectionReferences":{"shared_planner":{"connectionName":"shared-planner-a1839428-2ec7-4d13-9c42-5eefbbf26a65","source":"Embedded","id":"/providers/Microsoft.PowerApps/apis/shared_planner","tier":"NotSpecified"},"shared_sharepointonline":{"connectionName":"shared-sharepointonl-75b81abc-20d9-481f-93bb-91b1ad3b4aee","source":"Embedded","id":"/providers/Microsoft.PowerApps/apis/shared_sharepointonline","tier":"NotSpecified"}},"flowFailureAlertSubscribed":false}}